Payment_ID,Payment_Status,Payment_Method,Payment_Date
1,Pending,PayPal,4/5/2046
2,Failed,CreditCard,6/22/2039
3,Failed,CreditCard,10/4/2019
4,Failed,ApplePay,5/14/2043
5,Completed,CreditCard,5/4/2004
6,Completed,Cash,9/22/2017
7,Pending,CreditCard,7/7/2016
8,Pending,PayPal,9/16/2042
9,Pending,CreditCard,10/14/2022
10,Failed,PayPal,6/6/2020
11,Completed,CreditCard,10/14/2019
12,Completed,CreditCard,4/4/2032
13,Failed,CreditCard,12/27/2033
14,Pending,PayPal,3/7/2042
15,Completed,ApplePay,9/19/2031
16,Completed,Cash,7/7/2041
17,Completed,CreditCard,3/23/2028
18,Failed,Cash,7/15/2044
19,Failed,CreditCard,4/11/2015
20,Failed,CreditCard,5/4/2031
21,Completed,ApplePay,7/8/2005
22,Pending,CreditCard,2/4/2014
23,Pending,Cash,3/2/2049
24,Failed,ApplePay,12/1/2018
25,Pending,Cash,5/18/2017
26,Pending,ApplePay,12/13/2025
27,Pending,CreditCard,11/25/2050
28,Completed,PayPal,2/3/2026
29,Pending,Cash,6/14/2013
30,Completed,CreditCard,6/2/2046
31,Pending,PayPal,12/23/2028
32,Failed,PayPal,7/23/2012
33,Pending,Cash,5/10/2047
34,Failed,CreditCard,10/1/2022
35,Completed,Cash,11/18/2020
36,Failed,ApplePay,2/21/2022
37,Failed,ApplePay,2/9/2012
38,Completed,Cash,2/8/2018
39,Failed,PayPal,12/10/2033
40,Failed,CreditCard,11/5/2028
41,Pending,PayPal,4/9/2040
42,Completed,CreditCard,2/11/2013
43,Pending,ApplePay,11/9/2005
44,Failed,Cash,7/26/2045
45,Failed,PayPal,12/2/2030
46,Completed,CreditCard,9/5/2043
47,Pending,PayPal,9/12/2011
48,Pending,ApplePay,5/16/2026
49,Completed,PayPal,11/15/2039
50,Failed,Cash,8/19/2034
51,Completed,Cash,1/17/2025
52,Completed,CreditCard,11/27/2010
53,Completed,ApplePay,8/4/2050
54,Failed,ApplePay,10/12/2005
55,Pending,ApplePay,2/3/2011
56,Failed,ApplePay,6/11/2005
57,Pending,ApplePay,5/5/2009
58,Failed,ApplePay,7/20/2045
59,Completed,Cash,1/10/2031
60,Pending,CreditCard,10/8/2024
61,Pending,ApplePay,8/15/2010
62,Failed,PayPal,1/3/2032
63,Pending,Cash,7/25/2033
64,Completed,CreditCard,10/11/2007
65,Failed,ApplePay,5/31/2005
66,Pending,CreditCard,1/28/2030
67,Completed,Cash,7/24/2007
68,Completed,PayPal,6/16/2045
69,Failed,PayPal,5/16/2011
70,Completed,PayPal,3/4/2041
71,Pending,PayPal,9/8/2026
72,Failed,Cash,4/13/2036
73,Failed,Cash,12/24/2020
74,Pending,Cash,12/18/2043
75,Pending,Cash,7/23/2021
76,Pending,Cash,3/9/2037
77,Pending,CreditCard,8/5/2030
78,Failed,Cash,11/27/2001
79,Failed,CreditCard,6/30/2029
80,Completed,Cash,3/26/2026
81,Failed,Cash,8/20/2026
82,Completed,PayPal,4/17/2009
83,Pending,ApplePay,11/10/2048
84,Pending,CreditCard,8/10/2025
85,Completed,ApplePay,9/21/2028
86,Pending,Cash,3/22/2046
87,Completed,PayPal,11/25/2014
88,Failed,Cash,7/15/2011
89,Completed,Cash,7/28/2038
90,Completed,ApplePay,9/13/2007
91,Completed,Cash,9/30/2022
92,Failed,CreditCard,10/4/2004
93,Pending,ApplePay,2/6/2043
94,Completed,CreditCard,6/6/2027
95,Completed,ApplePay,7/10/2037
96,Completed,Cash,11/10/2011
97,Completed,CreditCard,7/15/2032
98,Pending,PayPal,9/1/2031
99,Completed,PayPal,12/30/2007
100,Failed,PayPal,3/10/2025
101,Failed,PayPal,10/14/2006
102,Pending,CreditCard,8/29/2040
103,Pending,Cash,3/15/2036
104,Pending,CreditCard,5/30/2034
105,Completed,CreditCard,7/28/2000
106,Pending,CreditCard,3/19/2028
107,Failed,CreditCard,2/9/2021
108,Completed,ApplePay,12/14/2022
109,Pending,PayPal,9/7/2038
110,Failed,Cash,1/17/2032
111,Pending,CreditCard,5/1/2001
112,Completed,CreditCard,6/15/2000
113,Failed,CreditCard,11/16/2045
114,Failed,PayPal,9/9/2005
115,Completed,ApplePay,2/15/2043
116,Pending,PayPal,5/4/2022
117,Pending,Cash,5/4/2047
118,Failed,Cash,9/5/2008
119,Failed,PayPal,8/29/2017
120,Completed,PayPal,6/21/2006
121,Failed,ApplePay,11/18/2030
122,Failed,CreditCard,3/17/2036
123,Failed,PayPal,10/21/2006
124,Pending,CreditCard,10/20/2017
125,Pending,CreditCard,9/14/2045
126,Pending,ApplePay,2/18/2033
127,Failed,Cash,8/26/2011
128,Failed,Cash,6/2/2048
129,Completed,ApplePay,11/27/2044
130,Failed,Cash,8/5/2016
131,Pending,ApplePay,4/5/2017
132,Pending,PayPal,1/19/2021
133,Failed,CreditCard,8/8/2015
134,Failed,CreditCard,10/19/2016
135,Completed,PayPal,4/7/2038
136,Failed,Cash,2/4/2038
137,Completed,PayPal,5/5/2003
138,Failed,PayPal,2/20/2016
139,Pending,CreditCard,7/20/2048
140,Completed,Cash,7/3/2008
141,Completed,Cash,12/31/2023
142,Failed,CreditCard,2/28/2000
143,Failed,Cash,11/1/2006
144,Completed,CreditCard,6/20/2032
145,Pending,ApplePay,4/14/2036
146,Failed,PayPal,5/5/2014
147,Pending,PayPal,5/2/2029
148,Completed,ApplePay,2/25/2024
149,Failed,CreditCard,8/25/2026
150,Failed,CreditCard,8/2/2038
151,Pending,ApplePay,7/17/2047
152,Completed,PayPal,3/21/2043
153,Completed,CreditCard,7/13/2010
154,Completed,ApplePay,12/20/2006
155,Completed,Cash,11/11/2026
156,Completed,PayPal,11/19/2004
157,Pending,Cash,7/9/2000
158,Failed,ApplePay,5/15/2001
159,Pending,Cash,7/25/2002
160,Pending,PayPal,1/29/2019
161,Pending,Cash,11/29/2049
162,Pending,PayPal,11/27/2005
163,Failed,CreditCard,1/21/2005
164,Completed,Cash,2/6/2031
165,Failed,CreditCard,4/25/2022
166,Failed,CreditCard,3/25/2007
167,Completed,Cash,1/21/2013
168,Failed,CreditCard,2/5/2029
169,Completed,PayPal,3/3/2004
170,Failed,PayPal,8/26/2039
171,Completed,ApplePay,11/14/2049
172,Failed,Cash,12/24/2011
173,Completed,ApplePay,9/29/2004
174,Pending,PayPal,5/28/2034
175,Completed,CreditCard,4/6/2029
176,Pending,ApplePay,9/16/2047
177,Failed,CreditCard,4/25/2013
178,Pending,CreditCard,12/11/2039
179,Pending,Cash,10/31/2017
180,Failed,ApplePay,1/26/2020
181,Failed,PayPal,1/21/2010
182,Completed,Cash,5/30/2048
183,Completed,PayPal,7/21/2024
184,Pending,ApplePay,8/9/2010
185,Completed,Cash,2/13/2024
186,Failed,ApplePay,11/2/2024
187,Pending,Cash,8/21/2020
188,Completed,PayPal,5/1/2030
189,Pending,ApplePay,9/14/2019
190,Completed,Cash,10/8/2046
191,Completed,ApplePay,12/22/2030
192,Completed,PayPal,8/2/2013
193,Pending,CreditCard,1/19/2019
194,Pending,ApplePay,2/27/2024
195,Pending,Cash,1/23/2009
196,Completed,CreditCard,6/9/2002
197,Failed,Cash,6/14/2037
198,Completed,PayPal,6/3/2042
199,Pending,PayPal,12/29/2047
200,Failed,Cash,5/4/2016
201,Completed,ApplePay,4/10/2045
202,Pending,PayPal,6/9/2017
203,Completed,PayPal,11/24/2019
204,Failed,CreditCard,6/25/2023
205,Pending,PayPal,12/7/2034
206,Failed,Cash,3/24/2027
207,Completed,CreditCard,3/2/2008
208,Completed,Cash,10/28/2010
209,Pending,Cash,12/11/2033
210,Completed,CreditCard,8/12/2001
211,Completed,ApplePay,7/25/2016
212,Completed,ApplePay,6/25/2038
213,Completed,CreditCard,10/7/2020
214,Completed,ApplePay,2/3/2005
215,Pending,ApplePay,1/5/2039
216,Pending,CreditCard,9/17/2014
217,Completed,CreditCard,12/6/2013
218,Completed,PayPal,1/8/2010
219,Pending,ApplePay,1/27/2019
220,Pending,Cash,2/5/2012
221,Failed,CreditCard,3/20/2032
222,Completed,Cash,10/9/2011
223,Pending,PayPal,9/9/2009
224,Completed,PayPal,7/8/2026
225,Completed,ApplePay,10/31/2002
226,Failed,ApplePay,4/6/2021
227,Completed,CreditCard,12/9/2026
228,Completed,ApplePay,8/13/2043
229,Failed,PayPal,11/17/2018
230,Pending,PayPal,2/1/2016
231,Failed,PayPal,11/1/2014
232,Completed,CreditCard,4/4/2032
233,Failed,CreditCard,10/7/2048
234,Pending,PayPal,11/1/2014
235,Completed,Cash,3/6/2011
236,Pending,Cash,1/15/2047
237,Failed,PayPal,5/10/2032
238,Pending,CreditCard,9/12/2033
239,Pending,CreditCard,5/20/2022
240,Pending,Cash,11/27/2039
241,Pending,Cash,8/16/2021
242,Pending,Cash,12/5/2029
243,Pending,CreditCard,6/13/2033
244,Completed,ApplePay,4/23/2009
245,Failed,CreditCard,11/18/2000
246,Completed,CreditCard,9/25/2039
247,Pending,ApplePay,2/11/2008
248,Failed,CreditCard,4/8/2043
249,Failed,Cash,4/12/2014
250,Pending,ApplePay,2/18/2016
251,Failed,PayPal,5/8/2010
252,Completed,CreditCard,11/12/2003
253,Failed,Cash,1/16/2019
254,Pending,CreditCard,5/8/2037
255,Completed,Cash,9/20/2040
256,Failed,Cash,5/29/2026
257,Pending,CreditCard,4/6/2008
258,Completed,Cash,7/8/2019
259,Completed,ApplePay,2/20/2036
260,Failed,ApplePay,5/18/2050
261,Pending,ApplePay,9/28/2046
262,Pending,Cash,4/5/2049
263,Pending,ApplePay,11/25/2039
264,Completed,CreditCard,3/2/2033
265,Completed,CreditCard,5/1/2039
266,Pending,Cash,8/17/2024
267,Failed,PayPal,3/14/2040
268,Failed,PayPal,6/9/2033
269,Pending,ApplePay,7/19/2027
270,Failed,Cash,10/4/2036
271,Completed,ApplePay,10/3/2004
272,Completed,ApplePay,5/5/2021
273,Completed,ApplePay,6/20/2006
274,Failed,CreditCard,5/7/2008
275,Completed,CreditCard,8/16/2008
276,Failed,ApplePay,10/27/2019
277,Completed,CreditCard,8/18/2026
278,Pending,CreditCard,4/9/2019
279,Completed,ApplePay,4/14/2007
280,Failed,CreditCard,10/17/2004
281,Failed,ApplePay,2/20/2014
282,Completed,Cash,12/30/2027
283,Completed,CreditCard,4/8/2047
284,Failed,ApplePay,1/31/2028
285,Completed,PayPal,9/8/2045
286,Failed,ApplePay,7/11/2034
287,Failed,PayPal,10/23/2012
288,Pending,CreditCard,4/30/2031
289,Completed,ApplePay,7/4/2004
290,Pending,CreditCard,12/5/2048
291,Completed,ApplePay,10/29/2028
292,Pending,CreditCard,1/5/2017
293,Failed,Cash,4/11/2023
294,Completed,Cash,7/27/2016
295,Failed,PayPal,2/22/2035
296,Completed,PayPal,2/26/2043
297,Pending,Cash,1/18/2014
298,Pending,Cash,9/3/2017
299,Pending,ApplePay,11/2/2024
300,Pending,CreditCard,3/13/2019
301,Failed,PayPal,5/28/2050
302,Completed,PayPal,12/19/2044
303,Completed,PayPal,3/31/2016
304,Completed,ApplePay,1/20/2021
305,Completed,CreditCard,4/21/2032
306,Completed,ApplePay,12/19/2044
307,Failed,PayPal,9/9/2048
308,Completed,ApplePay,10/17/2020
309,Completed,ApplePay,6/22/2023
310,Failed,CreditCard,9/30/2031
311,Failed,PayPal,1/12/2001
312,Pending,PayPal,10/19/2007
313,Completed,PayPal,1/3/2043
314,Completed,Cash,5/6/2023
315,Failed,ApplePay,12/10/2004
316,Failed,PayPal,9/8/2028
317,Failed,Cash,11/25/2023
318,Pending,PayPal,3/15/2012
319,Completed,CreditCard,9/12/2023
320,Completed,ApplePay,12/25/2022
321,Pending,ApplePay,8/8/2048
322,Pending,PayPal,4/9/2037
323,Pending,ApplePay,6/25/2010
324,Failed,PayPal,11/6/2003
325,Failed,ApplePay,1/17/2009
326,Pending,CreditCard,3/16/2012
327,Failed,ApplePay,10/15/2017
328,Completed,PayPal,6/8/2043
329,Completed,PayPal,7/30/2021
330,Pending,ApplePay,8/11/2009
331,Failed,ApplePay,1/20/2017
332,Failed,ApplePay,11/23/2028
333,Pending,CreditCard,7/29/2030
334,Failed,CreditCard,1/28/2037
335,Failed,CreditCard,9/4/2012
336,Failed,Cash,12/10/2014
337,Failed,ApplePay,5/11/2048
338,Failed,ApplePay,4/14/2029
339,Completed,ApplePay,9/11/2031
340,Failed,Cash,10/22/2027
341,Completed,CreditCard,6/25/2038
342,Failed,PayPal,8/31/2023
343,Failed,CreditCard,3/10/2037
344,Pending,Cash,11/2/2001
345,Failed,PayPal,9/22/2021
346,Failed,Cash,10/12/2018
347,Pending,PayPal,1/11/2014
348,Completed,ApplePay,7/31/2009
349,Failed,Cash,8/26/2007
350,Pending,CreditCard,5/8/2043
351,Completed,PayPal,9/22/2030
352,Failed,Cash,8/18/2013
353,Completed,CreditCard,4/20/2009
354,Completed,ApplePay,8/31/2002
355,Completed,PayPal,2/15/2013
356,Pending,CreditCard,6/6/2001
357,Failed,Cash,5/10/2024
358,Completed,CreditCard,5/3/2003
359,Pending,Cash,4/12/2042
360,Completed,Cash,6/8/2049
361,Failed,ApplePay,3/27/2050
362,Failed,ApplePay,5/8/2013
363,Pending,CreditCard,10/11/2006
364,Pending,CreditCard,5/22/2044
365,Failed,ApplePay,9/17/2050
366,Failed,PayPal,2/2/2041
367,Failed,PayPal,12/26/2022
368,Failed,Cash,2/13/2018
369,Completed,PayPal,3/3/2006
370,Failed,PayPal,10/26/2001
371,Pending,PayPal,1/12/2033
372,Pending,ApplePay,8/3/2036
373,Failed,ApplePay,7/8/2044
374,Completed,ApplePay,7/24/2021
375,Failed,Cash,2/9/2043
376,Failed,PayPal,3/2/2016
377,Failed,ApplePay,7/13/2049
378,Pending,Cash,4/17/2012
379,Failed,Cash,4/27/2042
380,Completed,CreditCard,3/3/2025
381,Pending,CreditCard,10/4/2029
382,Failed,PayPal,12/12/2021
383,Completed,CreditCard,3/16/2025
384,Failed,ApplePay,1/7/2015
385,Pending,PayPal,12/19/2033
386,Completed,Cash,10/14/2010
387,Failed,ApplePay,11/6/2049
388,Failed,Cash,11/27/2005
389,Failed,ApplePay,7/6/2026
390,Pending,CreditCard,8/24/2042
391,Pending,Cash,5/11/2032
392,Failed,Cash,7/11/2023
393,Pending,Cash,4/1/2015
394,Pending,ApplePay,9/9/2013
395,Pending,PayPal,1/21/2026
396,Failed,Cash,12/4/2040
397,Pending,CreditCard,11/29/2048
398,Failed,PayPal,5/29/2002
399,Completed,PayPal,3/21/2008
400,Failed,CreditCard,6/11/2021
